id,name,model_id:id,group_id:id,perm_read,perm_write,perm_create,perm_unlink
access_hotel_batiment,access_hotel_batiment,model_hotel_batiment,base.group_user,1,1,1,1
access_hotel_chambre,access_hotel_chambre,model_hotel_chambre,base.group_user,1,1,1,1
access_hotel_commodite,access_hotel_commodite,model_hotel_commodite,base.group_user,1,1,1,1
access_hotel_client,access_hotel_client,model_hotel_client,base.group_user,1,1,1,1
access_hotel_reservation,access_hotel_reservation,model_hotel_reservation,base.group_user,1,1,1,1
access_hotel_staff,access_hotel_staff,model_hotel_staff,base.group_user,1,1,1,1
access_hotel_staff,access_hotel_staff,model_hotel_staff,base.group_user,1,1,1,1
access_hotel_space,hotel.space,model_hotel_space,base.group_user,1,1,1,1
access_hotel_space_reservation,hotel.space.reservation,model_hotel_space_reservation,base.group_user,1,1,1,1
access_hotel_payment,access_hotel_payment,model_hotel_payment,,1,1,1,1


